﻿<?xml version="1.0" encoding="utf-8"?>
<Solution xmlns="http://schemas.microsoft.com/sharepoint/" SolutionId="8c938343-c783-479d-bda5-de8074a82a9e" SharePointProductVersion="15.0">
  <Assemblies>
    <Assembly Location="JDP.Transformation.DisableFeatureActivation.dll" DeploymentTarget="GlobalAssemblyCache" />
  </Assemblies>
  <TemplateFiles>
    <TemplateFile Location="CONTROLTEMPLATES\JDP\JDPDisableFeatureActivation.ascx" />
  </TemplateFiles>
  <FeatureManifests>
    <FeatureManifest Location="JDP.Transformation.DisableFeatureActivation_Control\Feature.xml" />
  </FeatureManifests>
</Solution>